user,movie,rating
Anonymous_000,spider-man 2,5
Anonymous_000,men in black,5
Anonymous_000,pulp fiction,5
Anonymous_000,the amazing spider-man,5
Anonymous_000,the amazing spider-man 2,5
Anonymous_000,the joy luck club,4
Anonymous_000,once upon a time in america,4
Anonymous_000,deadpool,3
Anonymous_000,the lord of the rings: the return of the king,5
Anonymous_000,twilight,4
Anonymous_000,9,5
Anonymous_000,howl's moving castle,5
Anonymous_000,spirited away,5
Anonymous_000,porco rosso,5
Anonymous_000,a chinese ghost story,5
Anonymous_000,ashes of time,5
Anonymous_000,titanic,5
Anonymous_001,old boy,5
Anonymous_002,the avengers,5
Anonymous_003,love letter,5
Anonymous_004,the irishman,4
Anonymous_001,don't worry darling,2
Anonymous_005,the dark knight,5
Anonymous_006,don't worry darling,4
Anonymous_007,the irishman,4
Anonymous_008,the silence of the lambs,5
Anonymous_002,bullet train,4
Anonymous_004,spider-man 2,2
Anonymous_009,the curious case of benjamin button,5
Anonymous_001,barbarians,4
Anonymous_006,it,5
Anonymous_005,inception,5
Anonymous_010,hunt for the wilderpeople,5
Anonymous_007,spider-man 2,2
Anonymous_001,x,3
Anonymous_005,interstellar,4
Anonymous_009,interstellar,5
Anonymous_004,the little prince,5
Anonymous_006,enola holmes 2,5
Anonymous_011,spider-man 2,4
Anonymous_007,portrait of a lady on fire,4
Anonymous_012,terminator 1,5
Anonymous_013,to all the boys i've loved before,4
Anonymous_004,men in black,3
Anonymous_014,big fish,5
Anonymous_010,moneyball,4
Anonymous_005,tenet,2
Anonymous_012,terminator 2,5
Anonymous_015,annabelle,5
Anonymous_016,men in black,4
Anonymous_017,life of brian,4
Anonymous_018,skyfall,5
Anonymous_014,harry potter,5
Anonymous_005,memento,4
Anonymous_011,skyfall,4
Anonymous_019,avatar,4
Anonymous_020,the irishman,4
Anonymous_002,2012,5
Anonymous_021,to all the boys i've loved before,2
Anonymous_022,interstellar,5
Anonymous_023,spider-man,4
Anonymous_010,men in black,4
Anonymous_024,green book,4
Anonymous_013,parasite,5
Anonymous_015,the conjuring,4
Anonymous_025,black panther,3
Anonymous_026,skyfall,4
Anonymous_011,the little prince,5
Anonymous_027,the wolf of wall street,5
Anonymous_007,fight club,5
Anonymous_002,world war z,5
Anonymous_028,the imitation game,5
Anonymous_029,kung fu panda,4
Anonymous_016,the bridges of madison county,3
Anonymous_001,scooby doo 2: monsters unleashed,5
Anonymous_004,the two popes,3
Anonymous_005,fight club,5
Anonymous_015,smile,1
Anonymous_009,inception,5
Anonymous_030,spider-man 2 (2004),4
Anonymous_031,eternal sunshine of the spotless mind,5
Anonymous_020,imitation game,5
Anonymous_023,spider-man 2,4
Anonymous_032,catch me if you can,5
Anonymous_033,nope,3
Anonymous_034,spider-man (2002),5
Anonymous_035,moneyball,5
Anonymous_019,goodfellas,5
Anonymous_010,the white tiger,5
Anonymous_036,spider-man 2,4
Anonymous_011,men in black,4
Anonymous_015,coco,5
Anonymous_037,harry potter,5
Anonymous_038,memories of matsuko,5
Anonymous_007,one night in miami,3
Anonymous_017,casino royale,4
Anonymous_031,the proposal,4
Anonymous_028,spider-man,3
Anonymous_014,the hunger games,2
Anonymous_024,argo,5
Anonymous_001,el camino,4
Anonymous_018,kung fu panda,5
Anonymous_006,parasite,5
Anonymous_004,a clockwork orange,5
Anonymous_039,klaus,5
Anonymous_025,eternals,3
Anonymous_002,the cabin in the woods,4
Anonymous_040,farewell my concubine,5
Anonymous_001,chinatown,5
Anonymous_019,parasite,4
Anonymous_041,the shawshank redemption,5
Anonymous_021,spider-man 2,5
Anonymous_022,batman: the dark knight,5
Anonymous_029,the imitation game,5
Anonymous_030,the little prince (2015),4
Anonymous_037,minions,5
Anonymous_010,imitation game,5
Anonymous_042,finch,5
Anonymous_036,skyfall (2012),5
Anonymous_031,home alone,5
Anonymous_006,cast away,5
Anonymous_023,skyfall,4
Anonymous_043,kung fu panda,5
Anonymous_041,the godfather,5
Anonymous_026,the imitation game,5
Anonymous_040,the shawshank redemption,5
Anonymous_030,men in black (1997),5
Anonymous_020,el camino: a breaking bad movie,5
Anonymous_011,spider-man,4
Anonymous_029,notting hill,4
Anonymous_001,the other guys,4
Anonymous_044,fight club,5
Anonymous_025,bullet train,4
Anonymous_028,kung fu panda,4
Anonymous_021,the little prince,5
Anonymous_045,moneyball,5
Anonymous_010,the trial of the chicago 7,5
Anonymous_023,sand storm,4
Anonymous_022,tenet,3
Anonymous_046,kung fu panda,5
Anonymous_047,the little prince,4
Anonymous_003,monty python and the holy grail,4
Anonymous_036,the little prince (2015),4
Anonymous_015,the soul,5
Anonymous_019,interstellar,5
Anonymous_048,napoleon dynamite,2
Anonymous_037,soul,5
Anonymous_049,the invisible guest,5
Anonymous_016,the wolf of wall street,4
Anonymous_024,sleepless in seattle,3
Anonymous_008,skyfall,4
Anonymous_031,the silence of the lambs,5
Anonymous_006,prey,4
Anonymous_014,big fish & begonia,5
Anonymous_009,fight club,5
Anonymous_013,portrait of a lady on fire,5
Anonymous_039,spider-man 2,5
Anonymous_001,macbeth,4
Anonymous_023,men in black,5
Anonymous_040,dunkirk,1
Anonymous_047,men in black,4
Anonymous_042,spider-man 2,5
Anonymous_041,schindler's list,5
Anonymous_024,flipped,4
Anonymous_050,parasite,5
Anonymous_008,harry potter,5
Anonymous_038,malèna,5
Anonymous_051,to all the boys i've loved before,4
Anonymous_029,phantom thread,3
Anonymous_005,the shape of water,3
Anonymous_052,the imitation game (2014),5
Anonymous_049,the silence of the lambs,5
Anonymous_017,the usual suspects,3
Anonymous_001,the northman,4
Anonymous_053,coco,5
Anonymous_040,inception,5
Anonymous_035,hush,4
Anonymous_032,roman holiday,4
Anonymous_050,the little prince,4
Anonymous_054,spider man: into the spider-verse,5
Anonymous_006,memories of murder,5
Anonymous_055,a charlie brown christmas,4
Anonymous_009,shining,5
Anonymous_011,kung fu panda,5
Anonymous_026,kung fu panda,5
Anonymous_056,dead poets society,5
Anonymous_003,atlantics,3
Anonymous_019,cast away,4
Anonymous_041,inception,5
Anonymous_030,the imitation game (2014),5
Anonymous_008,hustle,5
Anonymous_010,kung fu panda,2
Anonymous_025,aquaman,3
Anonymous_005,parasite,5
Anonymous_037,the invisible guest,5
Anonymous_049,the shawshank redemption,5
Anonymous_042,hustle (2022),4
Anonymous_018,aliens,5
Anonymous_057,men in black,5
Anonymous_051,my neighbor totoro,5
Anonymous_040,interstellar,5
Anonymous_034,enola holmes 2,4
Anonymous_058,the imitation game,4
Anonymous_022,man of steel,4
Anonymous_054,thor: love and thunder,3
Anonymous_039,hush,5
Anonymous_036,spider-man (2002),4
Anonymous_012,spirited away,5
Anonymous_059,men in black,5
Anonymous_006,booksmart,4
Anonymous_030,spider-man (2002),4
Anonymous_021,always be my maybe,3
Anonymous_060,hurt locker,5
Anonymous_009,the irishman,4
Anonymous_034,barbarian,2
Anonymous_024,begin again,4
Anonymous_029,to all the boys i've loved before,4
Anonymous_039,skyfall,4
Anonymous_014,the hobbit,3
Anonymous_010,it,1
Anonymous_049,triangle,5
Anonymous_007,harry porter,4
Anonymous_002,frozen,4
Anonymous_054,mr. bean's holiday,4
Anonymous_041,star wars: episode iv - a new hope,3
Anonymous_005,the prestige,5
Anonymous_061,men in black,5
Anonymous_012,the dictator,5
Anonymous_037,cars,5
Anonymous_019,predator,3
Anonymous_007,lord of the rings,5
Anonymous_052,kung fu panda (2008),2
Anonymous_013,titane,4
Anonymous_055,the little prince,4
Anonymous_033,everything everywhere all at once,4
Anonymous_025,bubble,4
Anonymous_017,one piece film red,5
Anonymous_062,moneyball,4
Anonymous_040,catch me if you can,5
Anonymous_021,american beauty,5
Anonymous_016,sleeping with the enemy,5
Anonymous_007,the hobbits,4
Anonymous_051,the emperor's new groove,4
Anonymous_008,the little prince,5
Anonymous_001,robocop,3
Anonymous_010,warrior,3
Anonymous_034,smile,5
Anonymous_039,smile,5
Anonymous_020,to all the boys i've loved before,3
Anonymous_011,parasite,5
Anonymous_041,the pianist,3
Anonymous_005,whiplash,5
Anonymous_057,spider-man 2,4
Anonymous_002,smile,2
Anonymous_038,silenced,5
Anonymous_023,one night in miami,4
Anonymous_030,kung fu panda (2008),5
Anonymous_063,persian lessons,5
Anonymous_036,kung fu panda (2008),4
Anonymous_009,spider-man 2,4
Anonymous_064,kung fu panda,5
Anonymous_037,up,5
Anonymous_017,enola holmes,2
Anonymous_004,pulp fiction,5
Anonymous_035,kung fu panda,4
Anonymous_006,the sixth sense,5
Anonymous_039,enola holmes 2,4
Anonymous_051,tangled,4
Anonymous_060,hell or high water,5
Anonymous_024,titanic,4
Anonymous_045,the silence of the lambs,5
Anonymous_050,the imitation game,5
Anonymous_008,the wolf of wall street,5
Anonymous_040,andhadhun,5
Anonymous_001,the social network,4
Anonymous_032,the trueman show,5
Anonymous_051,frozen,5
Anonymous_007,all quiet on the western front,4
Anonymous_030,it (2017),5
Anonymous_012,back to the future,5
Anonymous_016,skyfall,4
Anonymous_009,men in black,5
Anonymous_006,hellraiser (2022),4
Anonymous_054,the avengers,4
Anonymous_052,it (2017),3
Anonymous_019,forrest gump,4
Anonymous_023,the wolf of wall street,5
Anonymous_055,all quiet on the western front,5
Anonymous_010,parasite,5
Anonymous_007,barbarian,3
Anonymous_036,notting hill (1999),5
Anonymous_042,the imitation game (2014),5
Anonymous_034,enola holmes,4
Anonymous_016,mummy returns,5
Anonymous_001,tombstone,5
Anonymous_044,smile,4
Anonymous_040,green book,4
Anonymous_005,howl's moving castle,5
Anonymous_004,"the good, the bad and the ugly",5
Anonymous_037,fast & furious,3
Anonymous_017,parasite,3
Anonymous_062,one piece film red,5
Anonymous_031,bridget jones diary,3
Anonymous_039,gerald's game,2
Anonymous_038,lolita,4
Anonymous_051,mulan,3
Anonymous_035,midsommar,4
Anonymous_029,parasite,3
Anonymous_065,kung fu panda,4
Anonymous_046,fight club,5
Anonymous_066,the imitation game,5
Anonymous_060,the irishman,5
Anonymous_023,manchester by the sea,4
Anonymous_067,the wolf of wall street,4
Anonymous_001,drive,5
Anonymous_022,blade runner 2049,4
Anonymous_061,kung fu panda,4
Anonymous_009,the imitation game,5
Anonymous_005,good will hunting,5
Anonymous_019,titanic,3
Anonymous_012,the seven samurai,4
Anonymous_011,alien,3
Anonymous_042,spider-man (2002),5
Anonymous_032,flipped,5
Anonymous_031,avatar,4
Anonymous_044,spider-man 2,5
Anonymous_043,amazing grace,5
Anonymous_040,ocean's 8,3
Anonymous_006,all quiet on the western front (2022),5
Anonymous_059,predator,2
Anonymous_063,joker,3
Anonymous_060,marriage story,5
Anonymous_068,spider-man 2 (2004),5
Anonymous_062,ticket of paradise,2
Anonymous_024,one day,3
Anonymous_039,the imitation game,4
Anonymous_001,mandy,4
Anonymous_023,hellraiser,4
Anonymous_021,it,4
Anonymous_017,cast away,3
Anonymous_045,the nice guys (2016),5
Anonymous_027,the little prince,4
Anonymous_028,the phantom of the opera,4
Anonymous_006,barbarian,3
Anonymous_044,skyfall,4
Anonymous_031,doctor strange,2
Anonymous_010,plan b,5
Anonymous_041,memento,4
Anonymous_050,kung fu panda,5
Anonymous_002,get out,5
Anonymous_016,the shawshank redemption,5
Anonymous_009,a clockwork orange,5
Anonymous_040,avengers: endgame,3
Anonymous_037,pirates of the caribbean,4
Anonymous_026,the phantom of the opera,2
Anonymous_069,the silence of the lambs,4
Anonymous_039,spider-man,5
Anonymous_051,the princess bride,5
Anonymous_070,atlantics,4
Anonymous_054,suicide squad,3
Anonymous_071,men in black,4
Anonymous_008,the imitation game,5
Anonymous_060,captain phillips,5
Anonymous_062,the imitation game,5
Anonymous_031,avengers,2
Anonymous_006,my policeman,4
Anonymous_014,sherlock,5
Anonymous_072,kung fu panda,5
Anonymous_015,the shawshank redemption,5
Anonymous_019,fight club,4
Anonymous_034,one night in miami,2
Anonymous_073,his house,3
Anonymous_052,the silence of the lambs,3
Anonymous_001,the big lebowksi,5
Anonymous_016,monster in-law,2
Anonymous_010,fight club,5
Anonymous_055,it,5
Anonymous_017,predator,5
Anonymous_048,bird box,5
Anonymous_044,men in black,5
Anonymous_024,about time,5
Anonymous_002,it,3
Anonymous_054,avatar,4
Anonymous_019,shrek,4
Anonymous_018,manchester by the sea,4
Anonymous_040,doctor strange in the multiverse of madness,1
Anonymous_033,interstellar,5
Anonymous_045,the wolf of wall street,5
Anonymous_067,casino royale,4
Anonymous_008,spiderman,5
Anonymous_001,ocean's eleven,4
Anonymous_023,detour,3
Anonymous_013,blue jasmine,5
Anonymous_010,the social network,4
Anonymous_006,see how they run,4
Anonymous_019,antman,4
Anonymous_008,lord of ring,5
Anonymous_073,it follows,3
Anonymous_034,the silence of the lambs,3
Anonymous_063,the invisible guest,5
Anonymous_054,spider-man: homecoming,4
Anonymous_049,the lord of the rings,5
Anonymous_010,die hard,4
Anonymous_057,parasite,3
Anonymous_030,the wolf of wall street,4
Anonymous_020,the social network,4
Anonymous_039,kung fu panda,5
Anonymous_023,small axe: education,3
Anonymous_043,"crouching tiger, hidden dragon",5
Anonymous_011,the silence of the lambs,4
Anonymous_051,men in black,3
Anonymous_060,the nice guys,4
Anonymous_044,spider-man,4
Anonymous_037,"hi, mom",5
Anonymous_027,the imitation game,3
Anonymous_062,enola holmes,3
Anonymous_048,bros,4
Anonymous_017,alien,3
Anonymous_029,the social network,4
Anonymous_052,the wolf of wall street,3
Anonymous_042,kung fu panda (2008),5
Anonymous_054,spider-man: no way home,4
Anonymous_023,love & friendship,3
Anonymous_034,the wolf of wall street,4
Anonymous_074,atlantics,4
Anonymous_032,les choristes,5
Anonymous_013,the imitation game,4
Anonymous_006,the woman king,5
Anonymous_055,the silence of the lambs,5
Anonymous_008,kung fu panda,5
Anonymous_041,your name.,4
Anonymous_049,the hunger games,5
Anonymous_039,it,3
Anonymous_001,licorice pizza,4
Anonymous_035,big hero 6,5
Anonymous_004,frozen,5
Anonymous_060,zero dark thirty,5
Anonymous_043,orphan,5
Anonymous_029,the wolf of wall street,3
Anonymous_030,the northman,4
Anonymous_027,spider-man (2002),5
Anonymous_062,parasite,4
Anonymous_041,3 idiots,4
Anonymous_073,spider-man 2,4
Anonymous_010,jiro dreams of sushi,5
Anonymous_075,the secret life of walter mitty,5
Anonymous_011,the wolf of wall street,3
Anonymous_016,orphan,3
Anonymous_023,the stranger,3
Anonymous_054,the avengers: infinity war,4
Anonymous_004,zootopia,4
Anonymous_017,the fifth element,2
Anonymous_076,inception,5
Anonymous_026,elona holmes,4
Anonymous_074,the irishman,4
Anonymous_018,royal casino,5
Anonymous_005,jack and jill,1
Anonymous_067,the hurt locker,5
Anonymous_058,the silence of the lambs,4
Anonymous_057,green book,4
Anonymous_054,the avengers: endgame,4
Anonymous_037,coco,5
Anonymous_055,the wolf of wall street,5
Anonymous_029,manchester by the sea,4
Anonymous_073,men in black,5
Anonymous_023,smile,3
Anonymous_001,the room,2
Anonymous_071,the shawshank redemption,5
Anonymous_059,amazing grace,5
Anonymous_049,3 idiots,5
Anonymous_048,jumanji,5
Anonymous_013,kung fu panda,5
Anonymous_056,"love, rosie",3
Anonymous_042,the mask of zorro (1998),3
Anonymous_043,the shining,4
Anonymous_054,top gun: mavericks,2
Anonymous_010,the silence of the lambs,5
Anonymous_038,hope,5
Anonymous_028,fantastic beasts and where to find them,5
Anonymous_051,the phantom of the opera,2
Anonymous_060,the imitation game,5
Anonymous_017,national treasure,5
Anonymous_057,"three billboards outside ebbing, missouri",5
Anonymous_024,kung fu panda,3
Anonymous_064,the phantom of the opera,4
Anonymous_039,parasite,5
Anonymous_016,lord of the rings,5
Anonymous_010,the wolf of wall street,5
Anonymous_073,spider-man,5
Anonymous_034,fight club,1
Anonymous_030,candyman,3
Anonymous_005,bad words,2
Anonymous_021,wolfwalkers,4
Anonymous_071,the time traveler's wife,5
Anonymous_043,united 93,5
Anonymous_055,manchester by the sea,5
Anonymous_067,moneyball,3
Anonymous_023,"murder, anyone?",4
Anonymous_072,the little prince,5
Anonymous_074,spider-man 2,3
Anonymous_062,the social network,4
Anonymous_017,national treasure book of secrets,4
Anonymous_008,the shining,1
Anonymous_015,it,3
Anonymous_054,the glass castle,4
Anonymous_047,wolfwalkers,5
Anonymous_060,full metal jacket,5
Anonymous_026,pride and prejudice,5
Anonymous_027,kung fu panda,5
Anonymous_032,zootopia,3
Anonymous_013,notting hill,4
Anonymous_012,the elephant man,4
Anonymous_041,catch me if you can,5
Anonymous_010,the big sick,4
Anonymous_054,dune,3
Anonymous_004,bullet train,5
Anonymous_002,the mist,5
Anonymous_071,iron man,5
Anonymous_065,the silence of the lambs,5
Anonymous_073,kung fu panda,4
Anonymous_056,the little prince,5
Anonymous_067,captain phillips,5
Anonymous_038,let the bullets fly,5
Anonymous_060,on body and soul,5
Anonymous_023,pearl,4
Anonymous_063,fall,3
Anonymous_001,the village,3
Anonymous_033,my neighbor totoro,5
Anonymous_005,scream 2,5
Anonymous_016,minions: the rise of gru,5
Anonymous_047,a charlie brown christmas,5
Anonymous_030,the phantom of the opera,5
Anonymous_048,mean girls,5
Anonymous_074,skyfall,3
Anonymous_071,inception,5
Anonymous_067,spider-man 2,4
Anonymous_037,a beautiful mind,4
Anonymous_070,kung fu panda,2
Anonymous_073,it,4
Anonymous_054,shang-chi,2
Anonymous_001,old,1
Anonymous_062,the wolf of wall street,5
Anonymous_065,an american werewolf in london,3
Anonymous_036,a charlie brown christmas,3
Anonymous_027,notting hill,5
Anonymous_035,spider-man: into the spider-verse,5
Anonymous_063,smile,2
Anonymous_012,minions,5
Anonymous_042,wonder woman (2017),4
Anonymous_038,i want to eat your pancreas,1
Anonymous_067,skyfall,5
Anonymous_034,the handmaiden,3
Anonymous_060,the trial of the chicago 7,5
Anonymous_068,spider-man (2002),5
Anonymous_077,spider-man 2(2004),5
Anonymous_021,cabin in the woods,5
Anonymous_029,the phantom of the opera,5
Anonymous_008,flipped,5
Anonymous_071,interstellar,5
Anonymous_054,the social network,3
Anonymous_005,ford v ferrari,4
Anonymous_065,manchester by the sea,5
Anonymous_021,it 2,5
Anonymous_039,the good nurse,4
Anonymous_067,men in black,5
Anonymous_045,fight club,5
Anonymous_078,parasite,5
Anonymous_033,coco,5
Anonymous_060,the two popes,5
Anonymous_028,fantastic beasts and where to find them 2,4
Anonymous_059,the wolf of wall street,5
Anonymous_042,wonder woman 1984 (2020),2
Anonymous_048,nope,4
Anonymous_053,interstellar,2
Anonymous_074,men in black,4
Anonymous_037,ready player one,2
Anonymous_024,the grand budapest hotel,5
Anonymous_032,three idiots,5
Anonymous_055,fight club,5
Anonymous_054,up,5
Anonymous_034,parasite,4
Anonymous_048,us,5
Anonymous_005,ratatouille,5
Anonymous_026,thor: god of thunder,4
Anonymous_041,spotlight,2
Anonymous_020,all quiet on the western front,5
Anonymous_013,the silence of the lambs,4
Anonymous_006,we need to talk about kevin,4
Anonymous_042,man of steel (2013),4
Anonymous_036,black adam (2022),4
Anonymous_001,superbad,5
Anonymous_054,beauty and the beast,4
Anonymous_056,the handmaiden,5
Anonymous_059,spider-man,5
Anonymous_067,all quiet on the western front,5
Anonymous_031,the wolf of wall street,3
Anonymous_026,hamilton,5
Anonymous_076,kung fu hustle,5
Anonymous_062,casino royale,5
Anonymous_060,a clockwise orange,3
Anonymous_073,a charlie brown christmas,4
Anonymous_070,the father,5
Anonymous_024,the wolf of wall street,3
Anonymous_057,the social network,4
Anonymous_071,titanic,5
Anonymous_005,everything everywhere all at once,5
Anonymous_077,men in black (1997),4
Anonymous_050,a charlie brown christmas,3
Anonymous_038,ready player one,3
Anonymous_010,enola holmes,4
Anonymous_049,the wolf of wall street,3
Anonymous_002,zootopia,5
Anonymous_042,suicide squad (2016),3
Anonymous_067,the imitation game,5
Anonymous_022,the batman,4
Anonymous_074,up in the air,3
Anonymous_073,the hurt locker,4
Anonymous_059,spider-man 2,5
Anonymous_031,get out,5
Anonymous_021,the butterfly effect,5
Anonymous_068,kung fu panda (2008),3
Anonymous_078,skyfall,5
Anonymous_060,kung fu panda,2
Anonymous_063,sheep without a shepherd,4
Anonymous_011,black adam,4
Anonymous_027,fight club,4
Anonymous_001,in the mood for love,5
Anonymous_055,casino royale,3
Anonymous_065,love & friendship,5
Anonymous_056,memoirs of a geisha,3
Anonymous_031,us,4
Anonymous_079,the little prince,4
Anonymous_024,midnight in paris,5
Anonymous_047,skyfall,2
Anonymous_012,dragonball evolution,1
Anonymous_046,spider-man,4
Anonymous_067,full metal jacket,5
Anonymous_042,shazam! (2019),4
Anonymous_051,kung fu panda,3
Anonymous_053,the silence of the lambs,3
Anonymous_029,one piece film red,4
Anonymous_060,vince upon a time in america,5
Anonymous_071,world war z,5
Anonymous_031,schindler's list,5
Anonymous_073,the irishman,4
Anonymous_080,interstellar,5
Anonymous_081,men in black,4
Anonymous_026,sherlock holmes,5
Anonymous_065,the phantom of the opera,5
Anonymous_074,the bad guys,3
Anonymous_076,yuruyuri,5
Anonymous_068,it (2017),2
Anonymous_002,the incredibles,5
Anonymous_045,ticket to ride,3
Anonymous_005,the nightmare before christmas,3
Anonymous_021,the exorcist (1973),5
Anonymous_082,source code,5
Anonymous_062,men in black,5
Anonymous_080,imitation game,5
Anonymous_024,manchester by the sea,4
Anonymous_073,the power of the dog,5
Anonymous_026,red notice,3
Anonymous_053,the wolf of wall street,1
Anonymous_047,we the animals,4
Anonymous_043,top gun: maverick,4
Anonymous_034,die hard,2
Anonymous_031,saving private ryan,4
Anonymous_027,one piece film red,5
Anonymous_003,sand storm,4
Anonymous_067,kung fu panda,4
Anonymous_057,the silence of the lambs,5
Anonymous_039,the wolf of wall street,4
Anonymous_073,moneyball,4
Anonymous_081,gerald's game,4
Anonymous_020,a charlie brown christmas,5
Anonymous_048,legally blonde,5
Anonymous_056,let the bullets fly,5
Anonymous_033,the butterfly effect,4
Anonymous_031,thor,2
Anonymous_077,i am mother (2019),5
Anonymous_063,andhadhun,5
Anonymous_026,murder mystery,4
Anonymous_082,the conjuring,5
Anonymous_012,spy kids,2
Anonymous_074,kung fu panda,4
Anonymous_021,小时代,1
Anonymous_073,the sea beast,3
Anonymous_069,the elephant queen,3
Anonymous_059,evangelion 3.0+1.0: thrice upon a time,5
Anonymous_025,the pilgrim's progress,5
Anonymous_032,detective conan movie 15,1
Anonymous_031,avengers: endgame,2
Anonymous_071,fast and furious 7,2
Anonymous_055,the little hours,4
Anonymous_034,the sixth sense,3
Anonymous_081,spider-man,5
Anonymous_083,surfs up,5
Anonymous_065,akira,5
Anonymous_006,while we're young,2
Anonymous_016,american beauty,2
Anonymous_031,spiderman,2
Anonymous_082,knives out,5
Anonymous_001,halloween ends,1
Anonymous_005,cast away,4
Anonymous_077,spider-man (2002),5
Anonymous_060,cast away,4
Anonymous_047,the imitation game,2
Anonymous_038,spirited away,4
Anonymous_028,everything everywhere all at once,4
Anonymous_067,the mask of zorro,3
Anonymous_078,kung fu panda,4
Anonymous_082,smile,4
Anonymous_016,bride wars,1
Anonymous_065,portrait of a lady on fire,5
Anonymous_084,demon slayer: kimetsu no yaiba – the movie: mugen train,5
Anonymous_048,the truman show,5
Anonymous_025,the passion of the christ,5
Anonymous_079,kung fu panda (2008),5
Anonymous_038,coco,4
Anonymous_055,the irishman,4
Anonymous_050,spider-man,4
Anonymous_073,skyfall,5
Anonymous_001,the santa clause,1
Anonymous_045,scarface,4
Anonymous_085,harry potter,4
Anonymous_020,spider-man 2,4
Anonymous_005,prey,3
Anonymous_084,smile,4
Anonymous_006,hereditary,4
Anonymous_003,ready player one,1
Anonymous_034,the imitation game (2014),4
Anonymous_053,zootopia,5
Anonymous_051,a whisker away,4
Anonymous_021,kung fu panda,5
Anonymous_067,parasite,5
Anonymous_062,kung fu panda,5
Anonymous_086,spider-man,3
Anonymous_033,paprika,4
Anonymous_039,fight club,5
Anonymous_001,the sandlot,5
Anonymous_015,nezha,5
Anonymous_036,the wolf of wall street,2
Anonymous_028,death on the nile,3
Anonymous_081,the wolf of wall street,5
Anonymous_072,spider-man 2,4
Anonymous_032,the avengers iv,1
Anonymous_060,the silence of lambs,5
Anonymous_038,howl's moving castle,4
Anonymous_013,in the mood for love,5
Anonymous_070,the exorcist,3
Anonymous_057,the phantom of the opera,5
Anonymous_047,smile,3
Anonymous_062,barbarian,3
Anonymous_059,the phantom of the opera,5
Anonymous_055,the irishman,2
Anonymous_056,farewell my concubine,5
Anonymous_065,the act of killing,5
Anonymous_049,coda,1
Anonymous_083,everything everywhere all at once,5
Anonymous_077,always be my maybe (2019),3
Anonymous_085,your name,4
Anonymous_073,all quiet on the western front,4
Anonymous_052,catch me if you can,5
Anonymous_060,the wolf of wall street,3
Anonymous_055,spider-man 2,2
Anonymous_061,the wolf of wall street,4
Anonymous_065,her smell,4
Anonymous_012,inception,2
Anonymous_086,kung fu panda,5
Anonymous_005,the social network,5
Anonymous_045,casino royale,5
Anonymous_034,once upon a time in america,1
Anonymous_084,fantastic beasts: the secrets of dumbledore,4
Anonymous_074,a charlie brown christmas,2
Anonymous_083,pineapple express,4
Anonymous_050,shadow,5
Anonymous_060,manchester by the sea,5
Anonymous_013,sunset blvd.,5
Anonymous_034,it,2
Anonymous_070,black adam,3
Anonymous_077,kung fu panda (2008),5
Anonymous_086,fear street part two: 1978,1
Anonymous_020,spider-man,5
Anonymous_071,malèna,5
Anonymous_073,x,4
Anonymous_002,interstellar,5
Anonymous_082,ant-man,3
Anonymous_068,the shawshank redemption,5
Anonymous_052,pirates of the caribbean,4
Anonymous_045,enola holmes,3
Anonymous_013,the purple rose of cairo,5
Anonymous_001,the grand budapest hotel,5
Anonymous_063,the dead end,4
Anonymous_049,pearl (2022),2
Anonymous_079,coco,5
Anonymous_073,halloween ends,2
Anonymous_065,fight club,4
Anonymous_028,the hangover,4
Anonymous_011,coco,5
Anonymous_066,his house,1
Anonymous_081,it,2
Anonymous_034,the exorcist,4
Anonymous_071,life of pi,3
Anonymous_013,all about eve,5
Anonymous_020,kung fu panda,3
Anonymous_070,spider-man,4
Anonymous_087,interstellar,5
Anonymous_049,wendell & wild (2022),2
Anonymous_066,the forty-year-old version (2020),1
Anonymous_022,iron man,5
Anonymous_033,before sunrise,4
Anonymous_077,it (2017),2
Anonymous_065,the social network,5
Anonymous_047,the ballad of buster scruggs,3
Anonymous_028,21,4
Anonymous_018,spider-man 2,5
Anonymous_078,fight club,4
Anonymous_083,the wolf of wall street,4
Anonymous_035,despicable me,5
Anonymous_005,monty python and the holy grail,5
Anonymous_062,the irishman,2
Anonymous_001,avatar the last airbender,1
Anonymous_070,roma,3
Anonymous_066,monty python and the holy grail (1975),1
Anonymous_088,john wick,5
Anonymous_087,spiderman,3
Anonymous_049,sheep without a shepherd,4
Anonymous_065,"good luck to you, leo grande",5
Anonymous_058,inception,5
Anonymous_026,frozen,5
Anonymous_043,dumbo,5
Anonymous_038,my neighbor totoro,4
Anonymous_056,zootopia,5
Anonymous_048,finding nemo,5
Anonymous_068,tenet,3
Anonymous_076,007,5
Anonymous_086,knives out,5
Anonymous_082,turning red,5
Anonymous_066,the hurt locker (2008),2
Anonymous_087,spiderman,4
Anonymous_052,the shawshank redemption,5
Anonymous_005,monty python's life of brian,4
Anonymous_011,the avengers,5
Anonymous_020,parasite,4
Anonymous_073,the imitation game,4
Anonymous_039,cast away,4
Anonymous_022,everything everywhere all at once,5
Anonymous_048,finding dory,2
Anonymous_057,avatar,2
Anonymous_082,zootopia,5
Anonymous_034,the hunger games,5
Anonymous_074,the silence of the lambs,5
Anonymous_085,inception,3
Anonymous_066,won't you be my neighbor? (2018),1
Anonymous_038,the croods,4
Anonymous_086,the silence of the lambs,3
Anonymous_079,how to train your dragon,5
Anonymous_018,spider-man,5
Anonymous_011,iron man,5
Anonymous_070,mudbound,3
Anonymous_059,your name,5
Anonymous_036,the sea beast (2022,3
Anonymous_005,hell or high water,4
Anonymous_089,kung fu panda,5
Anonymous_078,despicable me,5
Anonymous_088,indiana jones and the last crusade,4
Anonymous_001,american sniper,1
Anonymous_069,spider-man 2,2
Anonymous_076,the god of cookery,5
Anonymous_034,lord of the rings,5
Anonymous_087,the lost city,1
Anonymous_015,3 idiots,1
Anonymous_026,love actually,5
Anonymous_081,forrest gump,5
Anonymous_080,top gun maverick,5
Anonymous_066,hunt for the wilderpeople (2016),1
Anonymous_052,titanic,2
Anonymous_060,the social network,4
Anonymous_045,warrior,5
Anonymous_059,weathering with you,5
Anonymous_082,venom,3
Anonymous_036,iron man,5
Anonymous_021,harry potter series,5
Anonymous_018,the ballad of buster scruggs,5
Anonymous_072,roman holiday,4
Anonymous_073,warrior,2
Anonymous_068,the fast and the furious 9,3
Anonymous_033,ready player one,4
Anonymous_066,i lost my body (2019),4
Anonymous_087,free guy,4
Anonymous_056,la la land,4
Anonymous_005,klaus,5
Anonymous_088,shrek,4
Anonymous_076,shaolin soccer,5
Anonymous_084,unfriended: dark web,5
Anonymous_001,run hide fight,1
Anonymous_083,sorry to bother you,4
Anonymous_071,the incredible hulk,5
Anonymous_011,captain america,5
Anonymous_038,love will tear us apart,1
Anonymous_060,the fifth element,3
Anonymous_036,top gun,5
Anonymous_059,eureka 7 hi evolution 3,5
Anonymous_081,catch me if you can,5
Anonymous_001,pinocchio,2
Anonymous_078,flee,3
Anonymous_070,interstellar,5
Anonymous_087,tomorrowland,5
Anonymous_066,atlantics (2019),5
Anonymous_039,harry potter and the order of phoenix,5
Anonymous_051,python,3
Anonymous_072,the shawshank redemption,5
Anonymous_081,smile,2
Anonymous_001,twilight,2
Anonymous_043,doraemon: nobita and the birth of japan,5
Anonymous_058,tenet,5
Anonymous_069,the little prince,5
Anonymous_057,harry potter,5
Anonymous_033,smile,3
Anonymous_076,hail the judge,5
Anonymous_052,the blind side,5
Anonymous_089,the wolf of wall street,5
Anonymous_090,legally blonde,4
Anonymous_045,always be my maybe,3
Anonymous_066,outside in (2017),3
Anonymous_039,harry potter and the chamber of secrets,5
Anonymous_082,insidious,4
Anonymous_086,twilight,5
Anonymous_088,the suicide squad,4
Anonymous_070,dunkirk,5
Anonymous_090,fight club,5
Anonymous_087,the redeem team,5
Anonymous_057,the lord of the rings,5
Anonymous_063,knives out,4
Anonymous_045,the handmaiden,2
Anonymous_039,harry potter and the half blood prince,5
Anonymous_069,men in black,4
Anonymous_078,it,3
Anonymous_072,twilight,3
Anonymous_056,inception,5
Anonymous_080,one night in miami,2
Anonymous_088,sherlock holmes,4
Anonymous_071,watchmen,3
Anonymous_036,mission: impossible,5
Anonymous_058,the bad guys,4
Anonymous_082,triangle,2
Anonymous_076,flirting scholar,5
Anonymous_018,disobedience,5
Anonymous_001,the 40-year-old virgin who knocked up sarah marshall and felt superbad about it,1
Anonymous_091,the silence of the lambs,4
Anonymous_043,case closed: the phantom of baker street,5
Anonymous_079,front of the class,5
Anonymous_039,percy jackson and the lightning thief,3
Anonymous_090,mulholland drive,5
Anonymous_084,the pursuit of happyness,5
Anonymous_087,leave no trace,4
Anonymous_034,harry potter and the half-blood prince,4
Anonymous_086,blade runner 2049,5
Anonymous_070,inception,5
Anonymous_049,interstellar,4
Anonymous_081,doctor strange in the multiverse of madness,2
Anonymous_039,hunger games,4
Anonymous_090,hacksaw ridge,5
Anonymous_045,black adam,1
Anonymous_072,forrest gump,5
Anonymous_076,fight back to school,5
Anonymous_078,men in black,4
Anonymous_052,"love, rosie",4
Anonymous_087,everything everywhere all at once,5
Anonymous_084,the stanford prison experiment,5
Anonymous_063,sister,3
Anonymous_090,the banshees of inisherin,5
Anonymous_080,manchester by the sea,2
Anonymous_039,3 idiots,5
Anonymous_081,everything everywhere all at once,1
Anonymous_085,evangelion:3.0+1.0 thrice upon a time,4
Anonymous_001,avatar,1
Anonymous_090,triangle of sadness,3
Anonymous_076,king of comedy,5
Anonymous_083,get out,5
Anonymous_082,doctor strange in the multiverse of madness,2
Anonymous_086,encanto,4
Anonymous_072,zootopia,5
Anonymous_091,spider-man 2 (2004),3
Anonymous_082,everything everywhere all at once,5
Anonymous_084,parasite,5
Anonymous_052,the devil wears prada,5
Anonymous_080,birdman,1
Anonymous_070,zootopia,4
Anonymous_078,spider man,5
Anonymous_033,thor: love and thunder,2
Anonymous_087,prefontaine,5
Anonymous_081,green book,5
Anonymous_056,kung fu panda,5
Anonymous_076,forbidden city cop,5
Anonymous_071,the wolverine,3
Anonymous_053,the fifth element,1
Anonymous_070,schindler's list,5
Anonymous_089,everything everywhere all at once,5
Anonymous_066,the sea beast (2022),2
Anonymous_078,the sea beast,4
Anonymous_084,knives out,4
Anonymous_081,night at the museum,4
Anonymous_080,enola holmes,5
Anonymous_082,x-men: dark phoenix,2
Anonymous_043,you are the apple of my eye,5
Anonymous_071,doctor strange,2
Anonymous_087,the lost daughter,5
Anonymous_086,parasite,2
Anonymous_066,private life (2018),4
Anonymous_039,harry potter and the deathly hallows,5
Anonymous_025,faces places,5
Anonymous_085,weathering with you,4
Anonymous_052,love and other drugs,5
Anonymous_001,spiderman 3,2
Anonymous_084,frozen ii,3
Anonymous_043,tiny times,5
Anonymous_039,lord of the rings,5
Anonymous_087,black panther,5
Anonymous_089,joker,4
Anonymous_001,king of staten island,2
Anonymous_092,coco,5
Anonymous_090,the fall,5
Anonymous_086,your name,5
Anonymous_082,break the silence: the movie,5
Anonymous_084,the terror live,5
Anonymous_087,shang-chi,5
Anonymous_072,big hero 6,5
Anonymous_052,one day,5
Anonymous_081,front of the class,5
Anonymous_078,under the shadow,2
Anonymous_063,witness for the prosecution,5
Anonymous_084,la vie d'adele,5
Anonymous_052,the hustle,5
Anonymous_079,bruce almighty,4
Anonymous_090,the prestige,5
Anonymous_087,the lord of the rings,5
Anonymous_078,rocks,3
Anonymous_087,shrek,4
Anonymous_084,the handmaiden,5
Anonymous_086,shang-chi and the legend of the ten rings,4
Anonymous_087,man of steel,5
Anonymous_078,outside in,2
Anonymous_052,alice in wonderland,4
Anonymous_079,despicable me,5
Anonymous_090,kingsman: the secret sevice,5
Anonymous_091,kung fu panda (2008),5
Anonymous_087,blacklight,5
Anonymous_078,moneyball,2
Anonymous_084,12 suicidal teens,2
Anonymous_089,iron man,4
Anonymous_086,selena gomez: my mind and me,1
Anonymous_082,don't look up,2
Anonymous_079,harry potter,4
Anonymous_081,the blind side,5
Anonymous_092,the little prince,5
Anonymous_078,sand storm,2
Anonymous_050,the forbidden kingdom,3
Anonymous_092,her,5
Anonymous_072,titanic,5
Anonymous_087,the greatest beer run ever,5
Anonymous_090,vanilla sky,4
Anonymous_092,men in black,5
Anonymous_086,smile,1
Anonymous_078,the little prince,4
Anonymous_081,the wolf of wall street,5
Anonymous_091,the mask of zorro (1998),4
Anonymous_082,luckiest girl alive,4
Anonymous_072,inception,5
Anonymous_090,black swan,4
Anonymous_087,lightyear,3
Anonymous_090,unfriended,3
Anonymous_085,hacksaw ridge,5
Anonymous_089,your name,3
Anonymous_090,american beauty,5
Anonymous_091,the wolf of wall street,5
Anonymous_092,the imitation game,5
Anonymous_082,thor: love and thunder,2
Anonymous_078,1922,3
Anonymous_072,the pursuit of happyness,5
Anonymous_092,spider-man,5
Anonymous_090,in the mood for love,5
Anonymous_043,baahubali: the beginning,2
Anonymous_078,the imitation game,3
Anonymous_090,chungking express,5
Anonymous_089,mission: impossible -- fallout,5
Anonymous_077,skyfall (2012),3
Anonymous_072,coco,5
Anonymous_092,kung fu panda,5
Anonymous_081,naruto: the last,5
Anonymous_090,notting hill,5
Anonymous_050,house of flying daggers,4
Anonymous_079,coraline,4
Anonymous_078,dope,3
Anonymous_089,paddington,3
Anonymous_077,men in black 2,4
Anonymous_090,big fish,5
Anonymous_081,flipped,5
Anonymous_090,the social network,5
Anonymous_052,bruce almighty,5
Anonymous_089,the lion king,4
Anonymous_081,get out,4
Anonymous_090,dead poets society,5
Anonymous_085,let the bullets fly,5
Anonymous_072,the sound of music,5
Anonymous_052,the butterfly effect,5
Anonymous_081,snowpiercer,5
Anonymous_091,the neon demon,3
Anonymous_092,licorice pizza,4
Anonymous_092,klaus,4
Anonymous_052,no strings attached,3
Anonymous_089,the pursuit of happyness,5
Anonymous_079,zootopia,5
Anonymous_092,the power of the dog,4
Anonymous_072,despicable me,5
Anonymous_077,harry potter 1,4
Anonymous_091,fight club,3
Anonymous_092,spider-man 2,4
Anonymous_092,the meyerowitz stories (new and selected),4
Anonymous_077,coco,5
Anonymous_089,dc league of super-pets,4
Anonymous_092,mindhorn,4
Anonymous_089,coco,5
Anonymous_091,one piece film red (2022),5
Anonymous_077,zootopia (2016),5
Anonymous_018,lala land,5
Anonymous_089,minions: the rise of gru,5
Anonymous_056,little women,5
Anonymous_091,atlantics (2019),2
Anonymous_077,minions: the rise of gru (2022),3
Anonymous_091,life of brian (1979),5
Anonymous_076,girls und panzer,5
Anonymous_091,skyfall (2012),3
Anonymous_077,pacific rim (2013),4
Anonymous_091,the little prince (2015),5
Anonymous_085,avengers: endgame,2
Anonymous_077,pacific rim uprising (2018),2
Anonymous_091,enola holmes 2 (2022),4
Anonymous_085,the shawshank redemption,5
Anonymous_072,your name.,4
Anonymous_085,avatar,3
Anonymous_077,thor: love and thunder,1
Anonymous_085,mobile suit gundam: hathaway's flash,4
Anonymous_085,the wandering earth,4
Anonymous_018,pulp fiction,5
Anonymous_018,godfather,5
Anonymous_018,godfather 2,5
Anonymous_027,the silence of the lambs,5
Anonymous_006,the happening,1
Anonymous_080,die hard,3
Anonymous_050,memoirs of a geisha,4
Anonymous_027,support the girls,4
Anonymous_070,wolf warriors,5
Anonymous_006,cats,1
Anonymous_027,you were never really here,3
Anonymous_001,smile,2
Anonymous_085,green book,5
Anonymous_006,final destination,3
Anonymous_001,the black phone,2
Anonymous_080,knives out,4
Anonymous_027,hellraiser,3
Anonymous_050,ted,5
Anonymous_093,interstellar,5
Anonymous_093,escape room,4
Anonymous_093,moonfall,4
Anonymous_093,memento,3
Anonymous_093,everything everywhere all at once,2
Anonymous_093,beauty and the beast,5
Anonymous_093,titanic,5
Anonymous_093,love letter,3
Anonymous_093,triangle,4
Anonymous_093,green book,5
Anonymous_094,catch me if you can,5
Anonymous_094,saving private ryan,4
Anonymous_095,the shawshank redemption,5
Anonymous_095,zootopia,4
Anonymous_095,titanic,4
Anonymous_094,harry potter 1-7,4
Anonymous_095,coco,4
Anonymous_095,forrest gump,4
Anonymous_095,léon,4
Anonymous_095,green book,4
Anonymous_094,back to the future 1,5
Anonymous_094,back to the future 2,5
Anonymous_094,back to the future 3,4
Anonymous_095,the truman show,4
Anonymous_095,flipped,4
Anonymous_095,inception,5
Anonymous_096,his house,3
Anonymous_096,the forty-year-old version,4
Anonymous_094,jurassic world,4
Anonymous_094,jurassic world 2,3
